"chas","Freq","proportion"
"0",471,0.930830039525692
"1",35,0.0691699604743083
