"variable_x","variable_y","correlation"
"rad","tax",0.910228188533184
"dis","nox",-0.769230113225826
"indus","nox",0.763651446920915
"age","dis",-0.747880540868632
"lstat","medv",-0.737662726174014
"age","nox",0.731470103785958
"indus","tax",0.720760179951544
"dis","indus",-0.708026988742769
