"r.squared","adj.r.squared","sigma","statistic","p.value","df","df.residual","nobs"
0.449337811348991,0.435934269231725,6.4601310589571,33.5238109014609,0.0000000000000000000000000000000000000000000000000000000203258309377993,12,493,506
