"variable","vif","status"
"zn",2.32394442146902,"PASS"
"indus",3.98362733962878,"PASS"
"chas",1.09324162426325,"PASS"
"nox",4.54664196631897,"PASS"
"rm",2.20168804077662,"PASS"
"age",3.08867769247625,"PASS"
"dis",4.28097871698467,"PASS"
"rad",7.02979620525936,"PASS"
"tax",9.19549341275607,"PASS"
"ptratio",1.96973219820282,"PASS"
"lstat",3.5380977062474,"PASS"
"medv",3.66320461174249,"PASS"
